customer_id,customer_type,product,churn,revenue,support_tickets
1,SMB,Analytics Pro,0,606.46,7
2,Startup,Basic Tier,0,184.78,0
3,Startup,Basic Tier,0,190.86,1
4,Startup,Basic Tier,0,128.93,8
5,SMB,Cloud API,0,395.75,3
6,SMB,Analytics Pro,0,627.79,4
7,SMB,Basic Tier,1,508.23,11
8,Startup,Cloud API,0,222.62,1
9,Startup,Cloud API,0,139.83,0
10,Startup,Analytics Pro,0,149.29,3
11,Enterprise,Enterprise Suite,0,13668.55,3
12,Startup,Cloud API,0,146.98,4
13,Startup,Analytics Pro,0,155.07,2
14,SMB,Analytics Pro,0,444.45,6
15,SMB,Basic Tier,0,520.29,4
16,SMB,Basic Tier,0,348.43,6
17,SMB,Analytics Pro,0,496.69,3
18,Startup,Basic Tier,0,251.78,4
19,SMB,Analytics Pro,0,524.0,9
20,SMB,Basic Tier,0,530.56,2
21,Startup,Cloud API,0,194.75,2
22,SMB,Cloud API,0,460.67,6
23,SMB,Basic Tier,0,490.47,5
24,SMB,Basic Tier,0,527.9,3
25,Startup,Cloud API,0,157.64,1
26,Startup,Analytics Pro,0,195.09,4
27,SMB,Cloud API,0,377.01,3
28,Startup,Cloud API,0,172.89,2
29,Startup,Analytics Pro,0,253.87,3
30,Enterprise,Enterprise Suite,0,11859.83,0
31,Startup,Basic Tier,0,218.02,4
32,SMB,Analytics Pro,0,465.7,3
33,SMB,Basic Tier,0,491.03,2
34,Startup,Basic Tier,0,237.6,1
35,Startup,Cloud API,0,154.62,1
36,Startup,Analytics Pro,0,219.83,3
37,SMB,Basic Tier,0,497.58,3
38,SMB,Basic Tier,0,442.9,2
39,Startup,Cloud API,0,170.11,0
40,SMB,Basic Tier,0,431.8,4
41,SMB,Cloud API,1,639.94,2
42,Startup,Analytics Pro,0,216.99,5
43,Enterprise,Enterprise Suite,0,13604.09,2
44,Startup,Analytics Pro,1,232.69,1
45,SMB,Cloud API,0,552.28,8
46,Startup,Cloud API,1,157.05,0
47,SMB,Analytics Pro,0,539.92,5
48,Startup,Cloud API,0,205.89,5
49,Startup,Cloud API,0,239.06,4
50,SMB,Cloud API,0,638.01,5
51,Startup,Basic Tier,0,133.78,4
52,Startup,Cloud API,0,192.77,3
53,Startup,Cloud API,0,219.85,3
54,Startup,Basic Tier,0,160.25,0
55,Startup,Cloud API,0,228.58,4
56,Startup,Cloud API,1,176.42,2
57,SMB,Analytics Pro,0,481.0,2
58,SMB,Analytics Pro,0,544.84,0
59,Enterprise,Enterprise Suite,0,13732.84,1
60,SMB,Cloud API,0,608.59,1
61,SMB,Analytics Pro,0,527.66,8
62,SMB,Cloud API,0,434.93,4
63,Startup,Analytics Pro,0,149.13,2
64,SMB,Basic Tier,0,529.66,10
65,SMB,Basic Tier,0,512.05,0
66,Startup,Cloud API,0,138.85,3
67,SMB,Basic Tier,0,664.2,6
68,Startup,Analytics Pro,0,220.39,4
69,SMB,Basic Tier,0,575.89,4
70,Startup,Analytics Pro,0,191.25,2
71,Startup,Cloud API,0,216.73,3
72,SMB,Cloud API,0,342.95,3
73,Enterprise,Enterprise Suite,0,13960.72,2
74,Startup,Basic Tier,0,202.1,4
75,Startup,Cloud API,0,130.25,4
76,Startup,Basic Tier,0,152.28,2
77,Startup,Basic Tier,0,172.59,0
78,SMB,Cloud API,0,487.02,6
79,SMB,Cloud API,0,667.77,3
80,SMB,Analytics Pro,0,444.64,2
81,Startup,Basic Tier,0,135.97,1
82,Startup,Basic Tier,1,151.55,4
83,SMB,Cloud API,0,622.77,5
84,SMB,Basic Tier,0,379.04,4
85,SMB,Analytics Pro,0,631.4,4
86,SMB,Basic Tier,0,378.55,5
87,Startup,Cloud API,0,208.32,0
88,Startup,Analytics Pro,0,218.27,1
89,Startup,Cloud API,0,146.08,6
90,Startup,Analytics Pro,0,115.96,2
91,SMB,Basic Tier,0,556.84,2
92,Startup,Analytics Pro,0,203.98,4
93,Startup,Cloud API,0,278.6,3
94,Startup,Cloud API,0,167.99,1
95,Startup,Cloud API,0,200.31,3
96,Startup,Cloud API,0,182.16,3
97,Startup,Basic Tier,0,152.45,1
98,SMB,Basic Tier,0,493.73,2
99,Enterprise,Enterprise Suite,0,13223.65,3
100,SMB,Basic Tier,0,517.04,5
101,Enterprise,Enterprise Suite,0,15082.93,1
102,Startup,Cloud API,0,210.37,0
103,SMB,Basic Tier,0,510.88,1
104,Startup,Basic Tier,0,135.25,3
105,Startup,Cloud API,0,132.28,3
106,SMB,Basic Tier,0,495.99,8
107,SMB,Basic Tier,0,715.73,5
108,Startup,Cloud API,0,155.77,2
109,SMB,Basic Tier,0,419.75,4
110,SMB,Basic Tier,1,629.88,3
111,SMB,Cloud API,0,599.6,3
112,SMB,Basic Tier,0,424.32,4
113,Startup,Cloud API,0,238.22,3
114,Startup,Cloud API,0,251.97,2
115,Startup,Basic Tier,0,171.15,7
116,Startup,Basic Tier,0,168.93,4
117,Startup,Basic Tier,0,176.23,4
118,SMB,Basic Tier,0,491.41,8
119,Startup,Analytics Pro,1,213.14,2
120,Startup,Cloud API,0,142.93,3
121,Startup,Basic Tier,0,174.64,1
122,Startup,Cloud API,0,180.59,3
123,SMB,Cloud API,0,672.7,5
124,SMB,Cloud API,0,460.04,5
125,SMB,Basic Tier,0,706.15,5
126,SMB,Basic Tier,0,620.84,6
127,Startup,Cloud API,0,199.2,7
128,Startup,Cloud API,0,125.38,3
129,Enterprise,Analytics Pro,0,12944.45,1
130,Startup,Analytics Pro,0,210.86,3
131,SMB,Cloud API,0,388.86,4
132,SMB,Basic Tier,0,494.84,5
133,SMB,Basic Tier,0,412.2,6
134,SMB,Cloud API,1,417.31,2
135,Startup,Basic Tier,0,209.47,0
136,SMB,Cloud API,0,471.87,4
137,Startup,Analytics Pro,0,211.77,2
138,Startup,Cloud API,0,129.83,1
139,SMB,Cloud API,0,563.3,5
140,Startup,Cloud API,0,162.02,1
141,Startup,Basic Tier,0,162.06,3
142,SMB,Basic Tier,0,701.0,3
143,Startup,Cloud API,0,226.48,5
144,SMB,Basic Tier,0,423.16,2
145,SMB,Cloud API,0,481.95,6
146,Enterprise,Analytics Pro,0,20386.22,2
147,Startup,Analytics Pro,0,182.71,3
148,Startup,Cloud API,0,214.11,2
149,SMB,Analytics Pro,0,529.8,3
150,SMB,Basic Tier,0,576.09,8
151,Startup,Basic Tier,1,227.5,2
152,SMB,Basic Tier,0,758.96,8
153,SMB,Basic Tier,0,400.07,4
154,Startup,Analytics Pro,0,159.81,5
155,Startup,Cloud API,0,194.9,2
156,SMB,Basic Tier,0,420.99,6
157,Startup,Basic Tier,1,221.15,7
158,Startup,Analytics Pro,0,127.33,4
159,SMB,Analytics Pro,1,446.47,8
160,Startup,Basic Tier,0,176.38,4
161,SMB,Basic Tier,0,477.65,1
162,Startup,Analytics Pro,0,166.03,3
163,Startup,Cloud API,0,218.01,2
164,Startup,Basic Tier,0,248.42,0
165,SMB,Basic Tier,0,507.01,3
166,Startup,Cloud API,0,226.48,6
167,SMB,Basic Tier,0,588.58,6
168,SMB,Basic Tier,0,523.0,7
169,Enterprise,Enterprise Suite,0,12776.46,0
170,Startup,Basic Tier,0,178.52,2
171,Startup,Cloud API,0,183.3,0
172,Enterprise,Enterprise Suite,0,11084.9,0
173,Startup,Cloud API,0,192.77,3
174,SMB,Cloud API,0,634.05,4
175,Startup,Basic Tier,0,164.04,4
176,SMB,Cloud API,0,434.71,3
177,Startup,Cloud API,1,244.49,1
178,SMB,Basic Tier,0,589.68,3
179,Startup,Basic Tier,0,186.75,3
180,SMB,Cloud API,0,544.19,5
181,SMB,Basic Tier,0,496.68,3
182,SMB,Basic Tier,0,479.19,7
183,Startup,Cloud API,0,235.7,5
184,Startup,Cloud API,0,170.0,3
185,SMB,Cloud API,0,469.2,1
186,Startup,Cloud API,0,211.19,1
187,Startup,Basic Tier,0,218.59,3
188,Startup,Basic Tier,0,244.62,1
189,Startup,Cloud API,0,162.54,0
190,SMB,Basic Tier,0,489.04,2
191,SMB,Cloud API,0,569.7,7
192,Startup,Cloud API,0,166.65,5
193,Startup,Basic Tier,0,173.27,3
194,Startup,Analytics Pro,0,161.12,3
195,SMB,Basic Tier,0,610.1,3
196,SMB,Cloud API,0,695.83,6
197,Startup,Analytics Pro,0,153.38,3
198,Startup,Cloud API,0,214.93,3
199,Startup,Analytics Pro,0,189.62,7
200,Startup,Analytics Pro,0,83.21,2
201,Startup,Cloud API,0,203.74,2
202,SMB,Analytics Pro,0,205.96,4
203,SMB,Cloud API,0,595.31,1
204,Startup,Basic Tier,0,200.52,4
205,Startup,Cloud API,0,149.32,1
206,Enterprise,Enterprise Suite,0,14423.63,0
207,SMB,Basic Tier,1,310.64,4
208,Startup,Analytics Pro,0,188.53,2
209,Enterprise,Enterprise Suite,0,15658.95,1
210,SMB,Basic Tier,0,480.62,6
211,Startup,Basic Tier,0,154.04,5
212,Startup,Cloud API,0,187.56,3
213,Startup,Analytics Pro,0,154.95,2
214,SMB,Basic Tier,1,501.54,3
215,Startup,Basic Tier,0,160.95,6
216,SMB,Basic Tier,0,587.44,3
217,SMB,Basic Tier,0,519.15,6
218,Startup,Cloud API,0,182.73,4
219,Startup,Analytics Pro,0,229.4,3
220,Startup,Basic Tier,0,167.2,3
221,Startup,Analytics Pro,0,223.01,2
222,Startup,Cloud API,0,125.25,1
223,SMB,Basic Tier,0,574.08,1
224,SMB,Cloud API,1,448.68,3
225,SMB,Basic Tier,0,498.07,8
226,SMB,Basic Tier,0,473.71,3
227,Startup,Cloud API,0,93.54,1
228,SMB,Basic Tier,0,525.56,5
229,Startup,Cloud API,0,164.17,1
230,Startup,Analytics Pro,0,172.82,1
231,Startup,Cloud API,0,201.48,1
232,Startup,Cloud API,0,182.07,3
233,Startup,Analytics Pro,0,128.07,2
234,Startup,Cloud API,0,243.12,3
235,SMB,Cloud API,1,416.49,4
236,Startup,Cloud API,1,263.58,3
237,SMB,Analytics Pro,1,479.93,1
238,Enterprise,Analytics Pro,0,11535.72,2
239,Startup,Basic Tier,0,116.08,2
240,SMB,Basic Tier,0,546.22,8
241,Startup,Cloud API,0,208.79,3
242,Startup,Cloud API,1,128.27,0
243,Startup,Basic Tier,0,205.15,2
244,SMB,Cloud API,1,373.06,2
245,Enterprise,Analytics Pro,0,12484.02,2
246,Startup,Basic Tier,0,117.35,5
247,SMB,Cloud API,0,302.99,4
248,Startup,Cloud API,0,215.7,0
249,Startup,Cloud API,0,163.72,5
250,Startup,Cloud API,0,207.45,6
251,SMB,Analytics Pro,0,444.93,3
252,SMB,Analytics Pro,0,397.38,7
253,Startup,Cloud API,0,157.09,0
254,SMB,Basic Tier,0,333.34,0
255,SMB,Cloud API,0,426.85,2
256,Startup,Cloud API,0,139.07,4
257,Startup,Analytics Pro,0,214.54,2
258,Startup,Basic Tier,0,203.19,4
259,Startup,Cloud API,0,199.21,2
260,SMB,Cloud API,0,443.06,4
261,Startup,Analytics Pro,0,223.28,5
262,Startup,Basic Tier,0,219.82,5
263,SMB,Analytics Pro,0,260.87,4
264,Startup,Analytics Pro,1,177.0,4
265,Startup,Cloud API,0,252.77,4
266,Startup,Cloud API,0,181.6,1
267,Startup,Basic Tier,0,222.4,5
268,Startup,Cloud API,1,204.68,2
269,SMB,Basic Tier,0,621.77,3
270,SMB,Analytics Pro,0,413.16,2
271,Startup,Cloud API,0,224.7,3
272,Startup,Basic Tier,0,237.94,2
273,Startup,Cloud API,0,240.54,3
274,Startup,Basic Tier,0,155.47,2
275,Startup,Cloud API,0,151.13,2
276,Startup,Analytics Pro,0,187.07,3
277,Startup,Basic Tier,0,227.6,2
278,Startup,Analytics Pro,0,220.55,2
279,Startup,Basic Tier,0,171.4,4
280,Startup,Basic Tier,0,191.07,4
281,Startup,Basic Tier,0,145.42,4
282,SMB,Basic Tier,1,485.91,5
283,SMB,Basic Tier,0,421.62,2
284,SMB,Basic Tier,0,430.95,8
285,Startup,Cloud API,0,214.77,1
286,Enterprise,Enterprise Suite,0,15774.58,2
287,Startup,Cloud API,0,224.28,3
288,Startup,Analytics Pro,0,205.65,2
289,SMB,Basic Tier,0,461.29,2
290,Startup,Basic Tier,0,178.18,2
291,Enterprise,Enterprise Suite,0,13442.07,0
292,Enterprise,Enterprise Suite,0,13440.48,3
293,Startup,Basic Tier,0,183.98,3
294,SMB,Basic Tier,0,334.02,7
295,SMB,Basic Tier,0,359.93,8
296,Startup,Cloud API,0,180.57,1
297,Startup,Cloud API,1,219.03,2
298,SMB,Basic Tier,0,591.85,3
299,Startup,Cloud API,0,123.3,0
300,SMB,Cloud API,0,559.99,6
301,SMB,Basic Tier,0,500.04,5
302,Startup,Cloud API,0,128.11,2
303,Startup,Basic Tier,0,181.53,1
304,Startup,Cloud API,1,122.06,4
305,Startup,Cloud API,0,229.78,5
306,Startup,Cloud API,0,185.28,2
307,Startup,Cloud API,0,178.29,1
308,SMB,Basic Tier,0,505.8,3
309,Startup,Cloud API,0,104.94,2
310,SMB,Basic Tier,0,561.97,4
311,SMB,Cloud API,0,479.85,5
312,SMB,Basic Tier,0,499.35,6
313,Enterprise,Analytics Pro,0,14712.01,2
314,Startup,Basic Tier,0,188.72,2
315,Startup,Cloud API,0,154.79,1
316,Startup,Basic Tier,0,139.68,2
317,SMB,Basic Tier,0,551.08,6
318,SMB,Cloud API,0,603.06,6
319,SMB,Basic Tier,0,526.04,2
320,SMB,Cloud API,1,446.12,3
321,Startup,Cloud API,0,206.83,5
322,Startup,Cloud API,0,168.31,5
323,Startup,Cloud API,0,228.59,3
324,SMB,Cloud API,0,440.24,4
325,Startup,Cloud API,0,189.97,5
326,Startup,Analytics Pro,0,221.8,4
327,Startup,Cloud API,0,224.74,2
328,Startup,Basic Tier,0,201.97,3
329,SMB,Cloud API,0,601.15,4
330,SMB,Cloud API,0,634.15,3
331,SMB,Basic Tier,0,584.65,6
332,Startup,Cloud API,0,199.99,3
333,Enterprise,Analytics Pro,0,14390.05,3
334,SMB,Analytics Pro,0,424.17,5
335,Enterprise,Enterprise Suite,0,13932.77,1
336,Enterprise,Enterprise Suite,0,14909.48,4
337,Startup,Cloud API,1,153.62,2
338,Startup,Cloud API,0,151.81,6
339,Startup,Cloud API,0,164.74,2
340,SMB,Basic Tier,0,441.99,3
341,Startup,Cloud API,0,202.93,3
342,Startup,Cloud API,0,108.57,2
343,SMB,Basic Tier,0,381.41,10
344,SMB,Basic Tier,0,267.8,7
345,SMB,Cloud API,0,475.66,6
346,Startup,Cloud API,0,168.01,2
347,Startup,Cloud API,0,155.68,5
348,Enterprise,Enterprise Suite,0,12921.75,1
349,SMB,Basic Tier,0,446.88,4
350,Startup,Cloud API,1,199.36,4
351,Startup,Cloud API,0,178.76,1
352,Startup,Basic Tier,0,143.61,3
353,Startup,Cloud API,0,70.1,5
354,SMB,Basic Tier,0,450.03,6
355,SMB,Basic Tier,0,619.96,1
356,Startup,Basic Tier,0,171.25,0
357,Enterprise,Enterprise Suite,0,10965.65,0
358,Startup,Basic Tier,0,210.02,2
359,Startup,Cloud API,0,207.42,2
360,Startup,Cloud API,0,253.94,3
361,SMB,Basic Tier,0,550.54,8
362,Startup,Basic Tier,0,187.83,0
363,Startup,Cloud API,0,136.47,1
364,Startup,Analytics Pro,0,128.83,3
365,Startup,Cloud API,1,136.18,3
366,SMB,Basic Tier,0,529.84,6
367,Startup,Cloud API,0,142.04,6
368,Startup,Basic Tier,0,249.89,3
369,SMB,Cloud API,0,493.73,4
370,SMB,Basic Tier,0,314.94,9
371,SMB,Basic Tier,0,487.73,4
372,Enterprise,Enterprise Suite,0,14186.74,1
373,SMB,Basic Tier,0,325.57,7
374,Startup,Basic Tier,0,203.29,3
375,SMB,Basic Tier,0,542.96,5
376,SMB,Basic Tier,0,543.34,6
377,Startup,Cloud API,0,187.62,1
378,Enterprise,Enterprise Suite,0,14898.44,0
379,Startup,Cloud API,0,248.94,1
380,SMB,Basic Tier,0,549.91,4
381,SMB,Basic Tier,0,542.55,2
382,Startup,Cloud API,0,227.89,2
383,Startup,Cloud API,0,192.7,0
384,Startup,Basic Tier,0,166.69,3
385,Startup,Basic Tier,0,194.14,6
386,Startup,Analytics Pro,0,169.76,4
387,SMB,Basic Tier,0,573.22,5
388,SMB,Analytics Pro,1,478.66,1
389,Startup,Cloud API,0,240.31,5
390,Startup,Basic Tier,0,152.31,0
391,Startup,Cloud API,0,150.82,3
392,SMB,Cloud API,0,536.14,3
393,SMB,Cloud API,0,480.57,1
394,Startup,Cloud API,0,149.77,1
395,SMB,Cloud API,0,549.12,3
396,Startup,Basic Tier,0,165.68,0
397,Startup,Basic Tier,1,152.93,0
398,SMB,Cloud API,0,600.46,6
399,Startup,Analytics Pro,1,228.41,2
400,Startup,Cloud API,0,169.24,1
401,SMB,Analytics Pro,0,209.3,4
402,Startup,Cloud API,0,165.01,1
403,Startup,Cloud API,0,247.92,0
404,Startup,Analytics Pro,0,145.4,3
405,SMB,Cloud API,0,399.78,7
406,Startup,Analytics Pro,0,149.9,2
407,SMB,Basic Tier,0,560.52,6
408,Enterprise,Analytics Pro,0,16230.87,1
409,Startup,Analytics Pro,0,188.89,1
410,SMB,Analytics Pro,1,627.89,5
411,SMB,Cloud API,1,590.04,7
412,Startup,Cloud API,0,198.05,4
413,Startup,Basic Tier,0,222.92,0
414,Startup,Cloud API,0,193.02,4
415,Startup,Cloud API,0,183.04,2
416,SMB,Basic Tier,0,472.73,5
417,SMB,Cloud API,1,333.14,5
418,SMB,Basic Tier,0,605.87,5
419,Startup,Basic Tier,0,227.47,1
420,Startup,Cloud API,0,237.45,3
421,Startup,Basic Tier,0,189.26,1
422,Startup,Basic Tier,0,205.86,1
423,SMB,Cloud API,0,617.02,5
424,Startup,Cloud API,0,185.37,1
425,SMB,Basic Tier,1,641.85,8
426,Startup,Basic Tier,0,80.49,2
427,SMB,Basic Tier,0,553.2,4
428,Startup,Analytics Pro,0,194.47,3
429,SMB,Basic Tier,1,755.47,2
430,SMB,Basic Tier,0,435.78,4
431,SMB,Cloud API,0,416.23,8
432,Startup,Cloud API,0,136.82,2
433,Startup,Cloud API,1,210.65,4
434,SMB,Basic Tier,0,601.04,4
435,SMB,Analytics Pro,0,374.93,5
436,Startup,Analytics Pro,0,180.88,4
437,SMB,Basic Tier,0,540.05,4
438,Startup,Cloud API,0,185.24,2
439,Startup,Basic Tier,1,266.6,5
440,SMB,Basic Tier,0,619.05,3
441,SMB,Analytics Pro,0,550.56,6
442,Startup,Cloud API,0,239.56,4
443,SMB,Analytics Pro,0,568.21,4
444,SMB,Basic Tier,1,512.62,4
445,Startup,Cloud API,1,213.63,2
446,Startup,Basic Tier,0,188.31,6
447,Startup,Basic Tier,0,200.89,3
448,Startup,Basic Tier,0,176.08,0
449,SMB,Basic Tier,0,345.56,3
450,SMB,Cloud API,0,513.23,2
451,Startup,Cloud API,0,223.55,2
452,Startup,Cloud API,0,164.95,4
453,SMB,Basic Tier,1,517.53,4
454,Startup,Basic Tier,0,126.53,1
455,SMB,Basic Tier,0,531.92,3
456,Startup,Cloud API,0,185.24,3
457,Enterprise,Enterprise Suite,0,14220.78,1
458,Startup,Basic Tier,0,200.3,1
459,SMB,Cloud API,0,359.6,3
460,SMB,Analytics Pro,0,764.5,5
461,SMB,Cloud API,0,440.26,6
462,Startup,Analytics Pro,0,223.12,3
463,Startup,Analytics Pro,0,141.37,1
464,Startup,Cloud API,0,245.17,4
465,Startup,Basic Tier,0,225.71,2
466,SMB,Basic Tier,0,326.75,2
467,SMB,Basic Tier,0,337.86,6
468,Startup,Cloud API,0,197.35,3
469,SMB,Cloud API,0,564.05,2
470,Startup,Cloud API,0,184.92,3
471,Enterprise,Analytics Pro,0,15872.42,2
472,Startup,Cloud API,0,187.39,2
473,Enterprise,Enterprise Suite,0,15045.12,1
474,Startup,Basic Tier,0,106.61,1
475,Startup,Basic Tier,0,151.24,1
476,Startup,Cloud API,0,117.48,2
477,SMB,Basic Tier,0,730.36,7
478,Startup,Cloud API,0,120.82,1
479,Startup,Cloud API,0,261.99,3
480,Startup,Cloud API,0,180.03,8
481,Startup,Cloud API,0,201.24,2
482,Startup,Cloud API,0,244.9,3
483,Startup,Cloud API,0,170.56,5
484,Startup,Cloud API,1,209.77,1
485,Startup,Basic Tier,0,190.35,4
486,Startup,Cloud API,0,188.51,4
487,Enterprise,Analytics Pro,0,14746.7,0
488,SMB,Cloud API,0,531.24,7
489,Startup,Basic Tier,0,202.13,1
490,Startup,Analytics Pro,0,165.3,2
491,Startup,Analytics Pro,0,204.12,6
492,Startup,Cloud API,0,145.98,4
493,SMB,Basic Tier,0,606.52,5
494,SMB,Analytics Pro,1,645.26,6
495,Startup,Basic Tier,0,134.49,2
496,SMB,Basic Tier,0,502.44,6
497,Startup,Cloud API,0,183.37,5
498,SMB,Analytics Pro,0,665.12,2
499,Startup,Basic Tier,0,151.41,1
500,Startup,Basic Tier,0,200.85,1
501,Startup,Analytics Pro,0,237.15,2
502,Startup,Cloud API,0,121.03,0
503,SMB,Cloud API,1,625.28,6
504,Startup,Analytics Pro,0,162.07,5
505,Startup,Cloud API,0,191.54,1
506,SMB,Basic Tier,0,443.73,3
507,Startup,Analytics Pro,0,189.42,2
508,Startup,Analytics Pro,0,126.97,2
509,Startup,Basic Tier,1,137.75,1
510,Startup,Analytics Pro,0,137.66,2
511,Startup,Analytics Pro,0,187.24,2
512,SMB,Cloud API,0,630.33,2
513,Startup,Cloud API,0,173.43,2
514,Startup,Cloud API,0,188.48,2
515,Enterprise,Enterprise Suite,0,15309.95,1
516,Enterprise,Enterprise Suite,0,15621.6,1
517,SMB,Cloud API,0,461.72,3
518,Startup,Cloud API,0,175.05,5
519,Startup,Cloud API,0,227.28,1
520,SMB,Basic Tier,0,548.09,4
521,Startup,Cloud API,0,148.75,5
522,SMB,Cloud API,0,397.5,3
523,Startup,Basic Tier,1,135.6,0
524,Startup,Cloud API,0,225.88,1
525,Startup,Analytics Pro,0,179.72,1
526,Startup,Basic Tier,0,171.38,5
527,SMB,Basic Tier,0,390.26,6
528,SMB,Basic Tier,0,352.31,6
529,SMB,Analytics Pro,0,514.3,9
530,Startup,Cloud API,0,213.98,1
531,Startup,Basic Tier,0,244.59,2
532,Startup,Basic Tier,0,167.12,1
533,Startup,Cloud API,0,144.63,4
534,Startup,Cloud API,0,76.46,0
535,Startup,Basic Tier,0,210.11,3
536,Startup,Analytics Pro,0,132.5,5
537,Startup,Analytics Pro,0,220.32,4
538,SMB,Cloud API,1,445.04,4
539,Startup,Cloud API,0,133.3,1
540,SMB,Cloud API,0,552.06,8
541,Startup,Cloud API,0,192.44,2
542,Startup,Basic Tier,0,104.41,5
543,SMB,Basic Tier,0,475.06,5
544,Startup,Cloud API,0,280.07,3
545,Startup,Cloud API,0,180.18,2
546,SMB,Cloud API,0,581.99,1
547,SMB,Basic Tier,0,413.65,6
548,Startup,Basic Tier,0,178.75,1
549,Startup,Cloud API,0,184.73,1
550,Startup,Cloud API,0,153.03,1
551,Startup,Cloud API,0,159.17,0
552,Startup,Cloud API,0,116.77,2
553,Startup,Cloud API,0,188.7,7
554,Startup,Cloud API,0,166.94,3
555,Startup,Basic Tier,0,217.07,3
556,SMB,Cloud API,1,720.42,2
557,SMB,Analytics Pro,1,546.03,6
558,Enterprise,Enterprise Suite,0,14389.68,0
559,Startup,Basic Tier,0,187.57,2
560,Startup,Cloud API,0,191.89,2
561,Startup,Cloud API,0,164.47,3
562,SMB,Analytics Pro,1,469.44,6
563,SMB,Cloud API,0,516.7,7
564,Enterprise,Enterprise Suite,0,14834.79,0
565,SMB,Basic Tier,0,635.11,7
566,Startup,Cloud API,0,215.45,4
567,SMB,Cloud API,0,372.86,2
568,SMB,Cloud API,0,490.16,5
569,Startup,Cloud API,1,222.81,0
570,SMB,Analytics Pro,0,627.19,9
571,Startup,Analytics Pro,0,149.37,3
572,Startup,Analytics Pro,0,178.62,0
573,SMB,Basic Tier,0,473.14,3
574,Startup,Cloud API,0,106.55,2
575,Startup,Cloud API,0,126.83,4
576,Startup,Cloud API,0,177.55,1
577,SMB,Cloud API,1,452.12,3
578,Startup,Analytics Pro,1,194.38,5
579,Startup,Analytics Pro,0,223.89,4
580,SMB,Cloud API,0,343.44,5
581,Startup,Cloud API,0,171.79,2
582,Startup,Analytics Pro,0,133.07,5
583,Startup,Cloud API,0,181.82,0
584,SMB,Analytics Pro,0,555.83,7
585,Startup,Analytics Pro,0,280.46,3
586,SMB,Basic Tier,0,495.94,4
587,SMB,Cloud API,0,645.33,4
588,SMB,Cloud API,0,492.18,0
589,SMB,Basic Tier,0,549.3,7
590,SMB,Analytics Pro,0,494.25,6
591,SMB,Basic Tier,0,311.25,4
592,Startup,Cloud API,0,156.14,2
593,SMB,Cloud API,0,367.91,6
594,SMB,Analytics Pro,1,287.63,4
595,Startup,Cloud API,0,162.3,2
596,Startup,Cloud API,0,166.35,2
597,Startup,Analytics Pro,0,245.99,2
598,SMB,Basic Tier,0,428.15,3
599,SMB,Cloud API,0,549.47,4
600,Enterprise,Enterprise Suite,1,14766.87,1
601,SMB,Cloud API,0,593.71,6
602,SMB,Basic Tier,0,441.09,4
603,SMB,Basic Tier,0,517.02,3
604,SMB,Basic Tier,0,595.53,3
605,SMB,Basic Tier,0,439.7,7
606,Startup,Basic Tier,0,192.72,0
607,SMB,Basic Tier,1,325.78,4
608,SMB,Cloud API,0,445.4,6
609,Startup,Analytics Pro,1,155.7,3
610,Startup,Basic Tier,0,163.83,2
611,Enterprise,Enterprise Suite,0,14641.75,0
612,Startup,Analytics Pro,0,173.42,3
613,Startup,Cloud API,0,144.83,4
614,SMB,Basic Tier,0,534.86,3
615,Startup,Analytics Pro,0,124.42,1
616,Startup,Cloud API,0,221.64,4
617,SMB,Basic Tier,0,535.04,4
618,SMB,Cloud API,1,415.57,6
619,Startup,Analytics Pro,0,202.08,0
620,Startup,Basic Tier,0,207.21,2
621,SMB,Cloud API,0,450.5,1
622,SMB,Cloud API,0,450.24,1
623,SMB,Cloud API,0,384.29,2
624,Startup,Cloud API,0,126.67,3
625,Startup,Analytics Pro,0,195.32,4
626,SMB,Basic Tier,0,419.52,6
627,Startup,Basic Tier,0,187.98,0
628,Startup,Cloud API,0,176.76,2
629,Enterprise,Enterprise Suite,0,13078.34,3
630,SMB,Basic Tier,0,462.66,5
631,Startup,Analytics Pro,0,138.77,2
632,Startup,Cloud API,0,138.26,3
633,Startup,Cloud API,0,206.31,2
634,Startup,Cloud API,0,177.22,1
635,SMB,Cloud API,0,385.64,4
636,SMB,Basic Tier,0,554.16,4
637,Startup,Cloud API,0,228.71,6
638,SMB,Basic Tier,0,525.46,5
639,SMB,Analytics Pro,0,537.02,2
640,SMB,Basic Tier,0,558.43,3
641,Enterprise,Enterprise Suite,0,14556.6,0
642,SMB,Analytics Pro,0,469.51,2
643,SMB,Basic Tier,0,431.37,8
644,SMB,Basic Tier,1,415.66,3
645,SMB,Basic Tier,0,382.3,4
646,Startup,Cloud API,0,252.82,6
647,Startup,Basic Tier,0,155.46,5
648,Startup,Cloud API,0,187.85,4
649,Startup,Analytics Pro,0,150.67,3
650,Startup,Cloud API,0,153.21,3
651,SMB,Basic Tier,1,382.88,1
652,Startup,Cloud API,0,270.96,4
653,Startup,Cloud API,0,223.84,4
654,Startup,Basic Tier,0,197.01,4
655,SMB,Analytics Pro,0,477.43,5
656,SMB,Basic Tier,0,638.9,5
657,SMB,Basic Tier,0,648.2,4
658,SMB,Basic Tier,0,471.68,4
659,Startup,Analytics Pro,0,199.21,4
660,Startup,Basic Tier,1,137.8,3
661,SMB,Analytics Pro,0,432.57,3
662,Startup,Basic Tier,0,150.24,2
663,Startup,Basic Tier,0,172.37,2
664,SMB,Basic Tier,0,480.18,9
665,SMB,Basic Tier,0,549.01,5
666,SMB,Analytics Pro,0,554.77,2
667,SMB,Cloud API,1,572.28,2
668,SMB,Basic Tier,0,511.18,4
669,SMB,Cloud API,0,395.39,5
670,SMB,Cloud API,0,547.34,7
671,SMB,Basic Tier,1,610.39,2
672,Startup,Basic Tier,0,169.75,2
673,SMB,Cloud API,0,433.46,5
674,Startup,Basic Tier,0,208.88,2
675,SMB,Analytics Pro,1,636.07,8
676,Startup,Cloud API,0,181.06,3
677,SMB,Basic Tier,0,290.97,3
678,SMB,Basic Tier,0,482.97,1
679,Startup,Cloud API,0,97.99,3
680,Startup,Cloud API,0,209.57,3
681,Startup,Analytics Pro,0,210.26,2
682,SMB,Basic Tier,0,308.59,5
683,SMB,Basic Tier,0,568.02,7
684,Startup,Cloud API,1,172.05,5
685,Startup,Cloud API,0,189.91,1
686,Startup,Analytics Pro,0,244.05,5
687,Startup,Cloud API,0,181.89,5
688,SMB,Analytics Pro,0,372.16,3
689,Startup,Cloud API,0,138.14,2
690,SMB,Basic Tier,0,417.11,1
691,SMB,Cloud API,0,807.69,3
692,SMB,Analytics Pro,0,636.01,2
693,Startup,Analytics Pro,0,150.22,3
694,SMB,Basic Tier,0,458.56,3
695,SMB,Basic Tier,0,574.96,4
696,Startup,Cloud API,1,173.04,2
697,SMB,Basic Tier,0,456.8,5
698,Startup,Cloud API,0,195.12,3
699,SMB,Cloud API,0,511.27,8
700,Startup,Cloud API,0,214.26,4
701,Startup,Cloud API,0,159.92,0
702,SMB,Analytics Pro,0,399.28,4
703,SMB,Analytics Pro,0,538.92,3
704,SMB,Analytics Pro,1,500.07,6
705,SMB,Basic Tier,0,578.99,6
706,Startup,Basic Tier,0,218.78,4
707,SMB,Cloud API,0,470.55,5
708,Startup,Cloud API,0,238.11,3
709,SMB,Cloud API,0,556.48,3
710,Startup,Analytics Pro,0,245.43,1
711,Startup,Basic Tier,0,153.71,0
712,Startup,Cloud API,0,178.04,3
713,Startup,Cloud API,0,140.76,4
714,SMB,Cloud API,0,416.97,2
715,SMB,Basic Tier,1,578.73,5
716,Startup,Cloud API,0,185.18,3
717,Startup,Cloud API,0,199.64,3
718,Startup,Cloud API,0,219.55,5
719,SMB,Basic Tier,0,591.66,3
720,Startup,Cloud API,0,262.29,4
721,Startup,Analytics Pro,0,209.16,2
722,SMB,Basic Tier,0,535.12,3
723,SMB,Basic Tier,0,372.96,7
724,Startup,Basic Tier,0,162.44,3
725,Startup,Cloud API,0,241.75,2
726,Startup,Basic Tier,0,183.42,1
727,SMB,Basic Tier,1,595.63,6
728,Startup,Cloud API,0,272.99,2
729,SMB,Basic Tier,0,588.92,4
730,SMB,Cloud API,0,387.82,8
731,SMB,Basic Tier,0,451.94,1
732,Startup,Cloud API,0,281.58,5
733,Startup,Cloud API,0,169.7,2
734,Startup,Cloud API,0,177.21,0
735,SMB,Basic Tier,0,514.96,6
736,Startup,Cloud API,0,183.91,3
737,SMB,Basic Tier,0,457.51,4
738,Startup,Analytics Pro,0,222.32,4
739,SMB,Basic Tier,0,496.08,3
740,SMB,Cloud API,0,324.52,2
741,Startup,Cloud API,0,159.86,3
742,SMB,Basic Tier,0,484.94,4
743,Startup,Analytics Pro,0,198.4,2
744,Startup,Cloud API,0,189.06,2
745,SMB,Basic Tier,0,477.2,5
746,Startup,Basic Tier,0,237.55,4
747,SMB,Basic Tier,1,510.72,5
748,Startup,Basic Tier,0,136.86,2
749,Startup,Basic Tier,0,163.76,4
750,Startup,Basic Tier,0,78.13,1
751,SMB,Analytics Pro,0,360.22,6
752,Startup,Analytics Pro,0,228.1,5
753,Startup,Cloud API,0,158.12,2
754,SMB,Basic Tier,0,432.49,7
755,SMB,Analytics Pro,0,609.21,2
756,Startup,Cloud API,0,158.08,3
757,Startup,Cloud API,0,224.53,0
758,Startup,Basic Tier,0,136.28,1
759,Startup,Basic Tier,0,221.08,5
760,Startup,Analytics Pro,0,203.98,2
761,SMB,Basic Tier,0,701.37,5
762,SMB,Analytics Pro,1,556.23,4
763,SMB,Basic Tier,0,419.49,4
764,Startup,Basic Tier,0,187.54,1
765,Enterprise,Enterprise Suite,0,14350.35,3
766,Startup,Cloud API,0,141.39,3
767,Startup,Cloud API,1,229.02,3
768,Startup,Analytics Pro,0,172.66,4
769,SMB,Basic Tier,0,394.62,5
770,Startup,Analytics Pro,0,197.11,7
771,SMB,Cloud API,0,336.8,4
772,Startup,Cloud API,1,143.8,1
773,SMB,Basic Tier,0,564.27,4
774,SMB,Basic Tier,0,580.43,5
775,Startup,Basic Tier,0,204.35,1
776,SMB,Basic Tier,0,444.29,5
777,SMB,Analytics Pro,0,366.93,2
778,Startup,Cloud API,0,92.88,1
779,Startup,Analytics Pro,0,198.26,1
780,Startup,Cloud API,0,169.98,1
781,Startup,Basic Tier,0,192.22,2
782,Startup,Basic Tier,0,129.85,3
783,SMB,Basic Tier,0,429.06,5
784,SMB,Basic Tier,0,564.46,7
785,SMB,Basic Tier,0,431.4,2
786,Startup,Cloud API,0,155.31,5
787,Startup,Cloud API,0,163.39,4
788,SMB,Cloud API,0,387.38,2
789,Startup,Cloud API,0,123.58,1
790,Startup,Cloud API,0,223.43,3
791,SMB,Basic Tier,0,538.93,3
792,Startup,Basic Tier,0,213.05,0
793,Startup,Cloud API,0,172.67,6
794,Startup,Analytics Pro,0,179.21,2
795,Enterprise,Enterprise Suite,0,13242.48,0
796,Startup,Cloud API,1,263.31,5
797,Startup,Cloud API,0,209.41,4
798,Startup,Cloud API,1,182.48,2
799,Startup,Cloud API,0,251.97,3
800,Startup,Cloud API,0,214.36,3
801,Startup,Basic Tier,0,153.27,2
802,SMB,Cloud API,0,421.87,2
803,Startup,Analytics Pro,0,198.46,1
804,Startup,Basic Tier,0,232.04,2
805,SMB,Basic Tier,0,622.39,6
806,Startup,Cloud API,0,172.1,2
807,Startup,Analytics Pro,0,183.02,3
808,Startup,Basic Tier,0,221.95,6
809,Startup,Basic Tier,1,131.3,2
810,SMB,Cloud API,1,499.14,6
811,Startup,Basic Tier,0,267.54,0
812,Startup,Cloud API,0,170.65,1
813,SMB,Basic Tier,0,424.61,3
814,Startup,Cloud API,0,195.31,0
815,Startup,Cloud API,0,122.26,1
816,Startup,Basic Tier,0,207.48,4
817,Startup,Analytics Pro,0,206.38,2
818,SMB,Basic Tier,0,676.65,2
819,SMB,Analytics Pro,0,467.96,7
820,SMB,Cloud API,0,322.06,6
821,Startup,Basic Tier,0,167.22,4
822,Enterprise,Analytics Pro,0,15085.75,3
823,SMB,Analytics Pro,0,412.42,5
824,SMB,Cloud API,0,419.42,3
825,Startup,Cloud API,0,110.79,4
826,Startup,Analytics Pro,0,233.36,2
827,SMB,Basic Tier,0,404.88,3
828,SMB,Cloud API,0,465.82,4
829,Startup,Cloud API,0,227.17,5
830,Startup,Cloud API,0,260.11,4
831,SMB,Cloud API,0,505.84,8
832,Startup,Basic Tier,0,155.85,0
833,SMB,Basic Tier,0,539.46,6
834,SMB,Analytics Pro,0,457.42,4
835,Startup,Analytics Pro,1,162.08,2
836,SMB,Analytics Pro,0,378.52,1
837,Startup,Cloud API,0,188.51,2
838,SMB,Basic Tier,0,466.61,6
839,Startup,Basic Tier,0,130.21,3
840,Startup,Analytics Pro,0,178.94,3
841,Enterprise,Analytics Pro,0,15933.09,0
842,Startup,Analytics Pro,0,152.95,2
843,SMB,Basic Tier,1,427.01,5
844,Startup,Analytics Pro,0,258.98,3
845,SMB,Cloud API,0,281.55,2
846,SMB,Basic Tier,0,527.35,6
847,SMB,Cloud API,0,482.83,3
848,Startup,Basic Tier,0,197.73,4
849,Startup,Analytics Pro,0,87.83,2
850,Startup,Cloud API,0,165.56,2
851,SMB,Analytics Pro,1,256.47,3
852,Startup,Analytics Pro,0,207.37,2
853,SMB,Basic Tier,0,686.13,2
854,Startup,Cloud API,1,142.15,3
855,SMB,Cloud API,0,309.53,4
856,SMB,Basic Tier,0,644.44,5
857,Enterprise,Enterprise Suite,0,12219.25,1
858,Startup,Cloud API,0,205.1,1
859,Startup,Cloud API,0,130.45,2
860,SMB,Cloud API,0,596.06,3
861,Startup,Basic Tier,1,194.41,3
862,Startup,Analytics Pro,0,143.57,3
863,Startup,Cloud API,0,120.85,1
864,SMB,Analytics Pro,0,667.23,7
865,SMB,Analytics Pro,1,503.75,3
866,Startup,Cloud API,0,223.67,1
867,SMB,Basic Tier,0,667.13,5
868,SMB,Analytics Pro,0,409.86,2
869,Startup,Basic Tier,0,200.23,2
870,Startup,Cloud API,0,259.64,6
871,SMB,Basic Tier,0,443.34,2
872,SMB,Basic Tier,0,584.58,7
873,Startup,Cloud API,0,180.04,5
874,SMB,Cloud API,1,345.56,3
875,Enterprise,Enterprise Suite,0,15061.79,2
876,SMB,Basic Tier,0,585.81,6
877,Startup,Analytics Pro,0,219.03,1
878,Startup,Basic Tier,1,180.03,2
879,Enterprise,Enterprise Suite,1,14585.9,4
880,SMB,Basic Tier,0,379.84,5
881,SMB,Analytics Pro,0,553.78,3
882,Startup,Basic Tier,0,192.26,4
883,Enterprise,Enterprise Suite,0,11003.26,0
884,SMB,Analytics Pro,0,614.33,5
885,Startup,Basic Tier,0,187.98,2
886,SMB,Basic Tier,0,609.42,8
887,Startup,Basic Tier,0,101.38,2
888,SMB,Basic Tier,0,441.29,3
889,SMB,Cloud API,1,558.86,5
890,SMB,Cloud API,0,572.83,6
891,Startup,Cloud API,0,182.98,4
892,Startup,Basic Tier,0,221.03,3
893,Startup,Analytics Pro,0,134.99,1
894,SMB,Analytics Pro,0,390.65,6
895,Startup,Cloud API,0,126.54,0
896,SMB,Basic Tier,0,633.67,4
897,SMB,Cloud API,0,526.43,2
898,Startup,Cloud API,0,178.39,1
899,Enterprise,Enterprise Suite,0,17292.74,0
900,SMB,Cloud API,0,754.16,3
901,SMB,Cloud API,1,386.66,4
902,Enterprise,Enterprise Suite,0,14699.85,1
903,SMB,Basic Tier,0,346.52,6
904,Startup,Cloud API,0,161.87,3
905,SMB,Basic Tier,0,686.86,3
906,Startup,Analytics Pro,0,181.39,3
907,Startup,Basic Tier,1,179.34,2
908,SMB,Analytics Pro,0,568.33,4
909,SMB,Analytics Pro,0,422.7,1
910,SMB,Analytics Pro,0,412.93,2
911,Startup,Cloud API,0,120.7,5
912,SMB,Basic Tier,0,462.41,6
913,Startup,Basic Tier,0,193.5,2
914,SMB,Analytics Pro,0,473.67,4
915,Startup,Cloud API,0,179.08,1
916,SMB,Basic Tier,0,627.86,5
917,SMB,Analytics Pro,0,444.77,1
918,Startup,Cloud API,1,136.11,6
919,Startup,Cloud API,1,266.39,3
920,SMB,Basic Tier,0,313.85,4
921,Startup,Cloud API,0,176.52,3
922,Startup,Analytics Pro,0,255.19,0
923,Startup,Cloud API,0,161.74,4
924,Startup,Cloud API,0,231.38,2
925,SMB,Basic Tier,0,414.72,5
926,Enterprise,Enterprise Suite,0,15124.85,2
927,SMB,Basic Tier,0,763.79,5
928,Startup,Basic Tier,0,192.07,5
929,Startup,Analytics Pro,1,182.93,3
930,SMB,Basic Tier,0,596.88,3
931,SMB,Analytics Pro,1,591.02,5
932,Startup,Basic Tier,0,172.66,3
933,Startup,Cloud API,0,237.95,5
934,Startup,Cloud API,0,167.4,1
935,SMB,Cloud API,0,595.88,5
936,SMB,Basic Tier,1,612.77,7
937,Enterprise,Enterprise Suite,0,16466.81,2
938,Startup,Basic Tier,0,179.69,3
939,SMB,Analytics Pro,0,517.78,3
940,Startup,Basic Tier,0,170.56,1
941,SMB,Basic Tier,0,529.95,2
942,Startup,Cloud API,0,156.95,5
943,Startup,Cloud API,0,125.85,3
944,Startup,Basic Tier,0,209.38,3
945,SMB,Basic Tier,0,448.74,5
946,Enterprise,Analytics Pro,0,15366.42,4
947,SMB,Basic Tier,0,709.87,4
948,Startup,Analytics Pro,0,124.58,3
949,Startup,Cloud API,0,179.02,5
950,Startup,Basic Tier,0,123.11,2
951,Startup,Cloud API,0,144.84,2
952,Startup,Basic Tier,0,191.86,5
953,SMB,Basic Tier,1,543.95,4
954,Startup,Cloud API,0,176.07,0
955,SMB,Cloud API,0,386.3,5
956,SMB,Basic Tier,0,417.82,5
957,Startup,Cloud API,0,185.41,3
958,Enterprise,Enterprise Suite,0,13347.53,1
959,SMB,Basic Tier,0,423.4,6
960,Startup,Cloud API,0,161.55,3
961,SMB,Basic Tier,0,565.72,3
962,Startup,Basic Tier,0,174.43,1
963,SMB,Basic Tier,1,292.88,6
964,SMB,Cloud API,0,599.33,3
965,SMB,Basic Tier,0,477.2,6
966,SMB,Basic Tier,0,359.3,2
967,Startup,Basic Tier,0,197.54,4
968,SMB,Basic Tier,0,363.0,5
969,Startup,Cloud API,0,232.22,2
970,Startup,Cloud API,0,116.82,4
971,Startup,Cloud API,0,215.82,2
972,Startup,Cloud API,0,110.39,2
973,Startup,Analytics Pro,0,194.87,1
974,SMB,Basic Tier,0,607.84,3
975,Enterprise,Enterprise Suite,0,12192.18,1
976,SMB,Cloud API,1,320.16,7
977,Startup,Basic Tier,0,151.39,4
978,SMB,Basic Tier,0,490.34,9
979,Startup,Analytics Pro,0,265.72,1
980,Startup,Basic Tier,0,161.21,2
981,SMB,Cloud API,1,537.45,3
982,Startup,Cloud API,0,163.64,2
983,SMB,Cloud API,0,646.98,3
984,SMB,Analytics Pro,0,437.77,5
985,Startup,Analytics Pro,0,147.61,1
986,Startup,Analytics Pro,0,187.51,6
987,Startup,Cloud API,0,90.79,1
988,SMB,Basic Tier,0,688.08,5
989,SMB,Basic Tier,0,651.47,3
990,Startup,Analytics Pro,0,196.43,1
991,Startup,Analytics Pro,0,168.96,1
992,Startup,Basic Tier,0,166.44,2
993,SMB,Cloud API,0,414.65,6
994,Startup,Analytics Pro,0,153.22,2
995,SMB,Cloud API,0,373.07,8
996,SMB,Basic Tier,0,653.62,1
997,Startup,Basic Tier,0,184.26,1
998,SMB,Basic Tier,0,490.61,1
999,Startup,Cloud API,0,186.31,2
1000,SMB,Analytics Pro,0,530.9,4
